node,node_text,node_score
1,Node 1,0.958333333333
2,Node 2,1.02777777778
3,Node 3,0.0
4,Node 4,0.847222222222
5,Node 5,0.597222222222
